{
    "serial_number": 16220342,
    "camera_model": "ZED-M",
    "resolution": {
        "width": 1920,
        "height": 1080
    },
    "left_camera": {
        "focal_length": {
            "fx": 1513.7213134765625,
            "fy": 1513.7213134765625
        },
        "principal_point": {
            "cx": 969.6605834960938,
            "cy": 528.1881713867188
        },
        "distortion": {
            "k1": 0.0,
            "k2": 0.0,
            "k3": 0.0,
            "p1": 0.0,
            "p2": 0.0
        },
        "fov": {
            "horizontal": 64.76753997802734,
            "vertical": 39.26752853393555,
            "diagonal": 72.0848617553711
        }
    },
    "right_camera": {
        "focal_length": {
            "fx": 1513.7213134765625,
            "fy": 1513.7213134765625
        },
        "principal_point": {
            "cx": 969.6605834960938,
            "cy": 528.1881713867188
        },
        "distortion": {
            "k1": 0.0,
            "k2": 0.0,
            "k3": 0.0,
            "p1": 0.0,
            "p2": 0.0
        },
        "fov": {
            "horizontal": 64.76753997802734,
            "vertical": 39.26752853393555,
            "diagonal": 72.0848617553711
        }
    },
    "stereo_transform": {
        "rotation": {
            "x": 0.0,
            "y": 0.0,
            "z": 0.0
        },
        "translation": {
            "x": 63.042720794677734,
            "y": 0.0,
            "z": 0.0
        }
    }
}