{
    "serial_number": 14778242,
    "camera_model": "ZED-M",
    "resolution": {
        "width": 1920,
        "height": 1080
    },
    "left_camera": {
        "focal_length": {
            "fx": 1509.295654296875,
            "fy": 1509.295654296875
        },
        "principal_point": {
            "cx": 938.3333740234375,
            "cy": 569.111572265625
        },
        "distortion": {
            "k1": 0.0,
            "k2": 0.0,
            "k3": 0.0,
            "p1": 0.0,
            "p2": 0.0
        },
        "fov": {
            "horizontal": 64.91939544677734,
            "vertical": 39.37383270263672,
            "diagonal": 72.24456787109375
        }
    },
    "right_camera": {
        "focal_length": {
            "fx": 1509.295654296875,
            "fy": 1509.295654296875
        },
        "principal_point": {
            "cx": 938.3333740234375,
            "cy": 569.111572265625
        },
        "distortion": {
            "k1": 0.0,
            "k2": 0.0,
            "k3": 0.0,
            "p1": 0.0,
            "p2": 0.0
        },
        "fov": {
            "horizontal": 64.91939544677734,
            "vertical": 39.37383270263672,
            "diagonal": 72.24456787109375
        }
    },
    "stereo_transform": {
        "rotation": {
            "x": 0.0,
            "y": 0.0,
            "z": 0.0
        },
        "translation": {
            "x": 62.683860778808594,
            "y": 0.0,
            "z": 0.0
        }
    }
}