{
    "R": [
        [
            -0.7501097239642347,
            0.3922691817671615,
            -0.5324098900753261
        ],
        [
            -0.44958008376592434,
            0.28793834841906635,
            0.8455585466369107
        ],
        [
            0.48498778365575723,
            0.8736225709912847,
            -0.03962894345367272
        ]
    ],
    "t": [
        0.4219153785631282,
        -0.5027693435878593,
        0.5597952373777624
    ],
    "T": [
        [
            -0.7501097239642347,
            0.3922691817671615,
            -0.5324098900753261,
            0.4219153785631282
        ],
        [
            -0.44958008376592434,
            0.28793834841906635,
            0.8455585466369107,
            -0.5027693435878593
        ],
        [
            0.48498778365575723,
            0.8736225709912847,
            -0.03962894345367272,
            0.5597952373777624
        ],
        [
            0.0,
            0.0,
            0.0,
            1.0
        ]
    ],
    "euler_angles_deg": [
        2.9463211378614176,
        -106.81220319201195,
        -88.38213132275489
    ]
}